Dependent	HypothesisType	Source	DF	SS	MS	FValue	ProbF
fac1	1	source	1	237.5836755	237.5836755	241.53	<.0001
fac1	3	source	1	237.5836755	237.5836755	241.53	<.0001
