Dependent	HypothesisType	Source	DF	SS	MS	FValue	ProbF
fac6	1	source	1	3.71700880	3.71700880	14.38	0.0002
fac6	3	source	1	3.71700880	3.71700880	14.38	0.0002
