Dependent	HypothesisType	Source	DF	SS	MS	FValue	ProbF
fac1	1	group	2	238.1775171	119.0887586	121.06	<.0001
fac1	3	group	2	238.1775171	119.0887586	121.06	<.0001
