Dependent	HypothesisType	Source	DF	SS	MS	FValue	ProbF
fac3	1	source	1	86.18973607	86.18973607	332.57	<.0001
fac3	3	source	1	86.18973607	86.18973607	332.57	<.0001
