Dependent	HypothesisType	Source	DF	SS	MS	FValue	ProbF
fac1	1	model	1	240.9481916	240.9481916	212.31	<.0001
fac1	3	model	1	240.9481916	240.9481916	212.31	<.0001
