Dependent	HypothesisType	Source	DF	SS	MS	FValue	ProbF
fac4	1	model	1	259.3979472	259.3979472	352.10	<.0001
fac4	3	model	1	259.3979472	259.3979472	352.10	<.0001
