Dependent	HypothesisType	Source	DF	SS	MS	FValue	ProbF
fac5	1	prompt	2	36.25454545	18.12727273	69.22	<.0001
fac5	3	prompt	2	36.25454545	18.12727273	69.22	<.0001
