Dependent	HypothesisType	Source	DF	SS	MS	FValue	ProbF
fac1	1	group	2	241.3282502	120.6641251	106.31	<.0001
fac1	3	group	2	241.3282502	120.6641251	106.31	<.0001
