Dependent	HypothesisType	Source	DF	SS	MS	FValue	ProbF
fac3	1	prompt	2	212.9904203	106.4952102	289.96	<.0001
fac3	3	prompt	2	212.9904203	106.4952102	289.96	<.0001
