Dependent	HypothesisType	Source	DF	SS	MS	FValue	ProbF
fac3	1	source	1	212.6710655	212.6710655	579.07	<.0001
fac3	3	source	1	212.6710655	212.6710655	579.07	<.0001
