Dependent	HypothesisType	Source	DF	SS	MS	FValue	ProbF
fac5	1	model	1	36.25425220	36.25425220	138.47	<.0001
fac5	3	model	1	36.25425220	36.25425220	138.47	<.0001
