Dependent	HypothesisType	Source	DF	SS	MS	FValue	ProbF
fac2	1	model	1	61.00684262	61.00684262	406.70	<.0001
fac2	3	model	1	61.00684262	61.00684262	406.70	<.0001
