Dependent	HypothesisType	Source	DF	SS	MS	FValue	ProbF
fac4	1	prompt	2	260.1607038	130.0803519	176.57	<.0001
fac4	3	prompt	2	260.1607038	130.0803519	176.57	<.0001
