Effect	source	N	Mean fac4	SD fac4
source	ai	3410	0.81143695	0.94273619
source	human	1705	0.33372434	0.65770570
