Effect	group	N	Mean fac5	SD fac5
group	human	1705	-0.12199413	0.52665189
group	profiled_gpt	1705	0.05689150	0.50785007
group	unprofiled_gpt	1705	0.05630499	0.50034889
