Effect	group	N	Mean fac4	SD fac4
group	human	1705	0.22815249	0.54506357
group	profiled_gpt	1705	0.19002933	0.60921643
group	unprofiled_gpt	1705	0.18768328	0.59533661
