Effect	model	N	Mean fac3	SD fac3
model	gpt	3410	-0.12697947	0.55815191
model	human	1705	0.30557185	0.69192062
