Effect	source	N	Mean fac2	SD fac2
source	ai	3410	0.07917889	0.35042684
source	human	1705	-0.15249267	0.45214143
