Effect	source	N	Mean fac1	SD fac1
source	ai	3410	-1.06187683	1.05828167
source	human	1705	-0.60469208	0.84321458
