Effect	model	N	Mean fac6	SD fac6
model	gpt	3410	-0.08826979	0.51507939
model	human	1705	-0.03108504	0.49489915
