Effect	source	N	Mean fac1	SD fac1
source	ai	3410	1.03049853	1.15844093
source	human	1705	0.57008798	0.84887197
