Effect	source	N	Mean fac3	SD fac3
source	ai	3410	0.08005865	0.47314008
source	human	1705	-0.19530792	0.57427361
