Effect	model	N	Mean fac1	SD fac1
model	gpt	3410	1.03049853	1.15844093
model	human	1705	0.57008798	0.84887197
