Effect	model	N	Mean fac3	SD fac3
model	gpt	3410	0.08005865	0.47314008
model	human	1705	-0.19530792	0.57427361
