Effect	model	N	Mean fac1	SD fac1
model	gpt	3410	-1.06187683	1.05828167
model	human	1705	-0.60469208	0.84321458
