Effect	source	N	Mean fac5	SD fac5
source	ai	3410	0.05659824	0.50403957
source	human	1705	-0.12199413	0.52665189
