Effect	model	N	Mean fac5	SD fac5
model	gpt	3410	0.05659824	0.50403957
model	human	1705	-0.12199413	0.52665189
