Effect	prompt	N	Mean fac3	SD fac3
prompt	human	1705	-0.19530792	0.57427361
prompt	profiled	1705	0.09736070	0.46587676
prompt	unprofiled	1705	0.06275660	0.47980645
