Effect	model	N	Mean fac2	SD fac2
model	gpt	3410	0.07917889	0.35042684
model	human	1705	-0.15249267	0.45214143
