Effect	source	N	Mean fac6	SD fac6
source	ai	3410	0.12991202	0.46130688
source	human	1705	-0.00762463	0.40165509
