Effect	prompt	N	Mean fac5	SD fac5
prompt	human	1705	0.03695015	0.38507372
prompt	profiled	1705	-0.12609971	0.39797652
prompt	unprofiled	1705	-0.09912023	0.40409340
