Effect	model	N	Mean fac5	SD fac5
model	gpt	3410	-0.11260997	0.40121470
model	human	1705	0.03695015	0.38507372
