Effect	model	N	Mean fac4	SD fac4
model	gpt	3410	0.18885630	0.60222929
model	human	1705	0.22815249	0.54506357
