Effect	group	N	Mean fac1	SD fac1
group	human	1705	0.57008798	0.84887197
group	profiled_gpt	1705	1.04105572	1.15904437
group	unprofiled_gpt	1705	1.01994135	1.15808091
