Effect	model	N	Mean fac4	SD fac4
model	gpt	3410	0.81143695	0.94273619
model	human	1705	0.33372434	0.65770570
