Dependent	Source	DF	SS	MS	FValue	ProbF
fac3	Model	1	86.189736	86.189736	332.57	<.0001
fac3	Error	5113	1325.106452	0.259164	_	_
fac3	Corrected Total	5114	1411.296188	_	_	_
