Dependent	Source	DF	SS	MS	FValue	ProbF
fac6	Model	1	3.717009	3.717009	14.38	0.0002
fac6	Error	5113	1321.783284	0.258514	_	_
fac6	Corrected Total	5114	1325.500293	_	_	_
