Dependent	RSquare	CV	RootMSE	DepMean
fac5	0.026368	-17448.51	0.511687	-0.002933
