Dependent	RSquare	CV	RootMSE	DepMean
fac2	0.343428	370.2697	0.683352	0.184555
