Dependent	RSquare	CV	RootMSE	DepMean
fac1	0.039931	121.4764	1.065382	0.877028
