Dependent	RSquare	CV	RootMSE	DepMean
fac2	0.074193	19807.08	0.387235	0.001955
