Dependent	RSquare	CV	RootMSE	DepMean
fac3	0.061071	-4339.922	0.509082	-0.011730
