Dependent	RSquare	CV	RootMSE	DepMean
fac2	0.073682	19810.61	0.387304	0.001955
