Dependent	RSquare	CV	RootMSE	DepMean
fac6	0.002804	-734.6570	0.508443	-0.069208
