Dependent	RSquare	CV	RootMSE	DepMean
fac3	0.101886	3522.549	0.606030	0.017204
