Dependent	RSquare	CV	RootMSE	DepMean
fac5	0.026368	-17450.22	0.511737	-0.002933
