Dependent	RSquare	CV	RootMSE	DepMean
fac4	0.064426	131.6048	0.858326	0.652199
