Dependent	RSquare	CV	RootMSE	DepMean
fac4	0.064616	131.6043	0.858323	0.652199
