Dependent	RSquare	CV	RootMSE	DepMean
fac1	0.039868	121.4685	1.065313	0.877028
