Dependent	RSquare	CV	RootMSE	DepMean
fac3	0.061795	-4338.674	0.508935	-0.011730
