Dependent	RSquare	CV	RootMSE	DepMean
fac5	0.031500	-630.6810	0.395794	-0.062757
