Dependent	RSquare	CV	RootMSE	DepMean
fac6	0.021042	526.1569	0.442322	0.084066
