Dependent	RSquare	CV	RootMSE	DepMean
fac4	0.001006	289.0743	0.583800	0.201955
