Dependent	RSquare	CV	RootMSE	DepMean
fac6	0.002810	-734.7268	0.508491	-0.069208
