Dependent	HypothesisType	Source	DF	SS	MS	FValue	ProbF
fac2	1	prompt	2	1248.629130	624.314565	1336.95	<.0001
fac2	3	prompt	2	1248.629130	624.314565	1336.95	<.0001
