Dependent	HypothesisType	Source	DF	SS	MS	FValue	ProbF
fac4	1	source	1	1.75522972	1.75522972	5.15	0.0233
fac4	3	source	1	1.75522972	1.75522972	5.15	0.0233
