Dependent	HypothesisType	Source	DF	SS	MS	FValue	ProbF
fac4	1	prompt	2	1.75992180	0.87996090	2.58	0.0758
fac4	3	prompt	2	1.75992180	0.87996090	2.58	0.0758
