Dependent	HypothesisType	Source	DF	SS	MS	FValue	ProbF
fac5	1	model	1	25.42521994	25.42521994	162.21	<.0001
fac5	3	model	1	25.42521994	25.42521994	162.21	<.0001
