Dependent	HypothesisType	Source	DF	SS	MS	FValue	ProbF
fac5	1	group	2	26.04574780	13.02287390	83.13	<.0001
fac5	3	group	2	26.04574780	13.02287390	83.13	<.0001
