Dependent	HypothesisType	Source	DF	SS	MS	FValue	ProbF
fac6	1	prompt	2	21.50889541	10.75444770	54.96	<.0001
fac6	3	prompt	2	21.50889541	10.75444770	54.96	<.0001
