Dependent	HypothesisType	Source	DF	SS	MS	FValue	ProbF
fac6	1	model	1	21.50156403	21.50156403	109.90	<.0001
fac6	3	model	1	21.50156403	21.50156403	109.90	<.0001
