Effect	source	N	Mean fac3	SD fac3
source	ai	3410	-0.12697947	0.55815191
source	human	1705	0.30557185	0.69192062
