Effect	model	N	Mean fac6	SD fac6
model	gpt	3410	0.12991202	0.46130688
model	human	1705	-0.00762463	0.40165509
