Effect	group	N	Mean fac3	SD fac3
group	human	1705	0.30557185	0.69192062
group	profiled_gpt	1705	-0.13665689	0.55620642
group	unprofiled_gpt	1705	-0.11730205	0.56008655
