Effect	source	N	Mean fac5	SD fac5
source	ai	3410	-0.11260997	0.40121470
source	human	1705	0.03695015	0.38507372
