Effect	source	N	Mean fac4	SD fac4
source	ai	3410	0.18885630	0.60222929
source	human	1705	0.22815249	0.54506357
