Effect	model	N	Mean fac2	SD fac2
model	gpt	3410	-0.16480938	0.51020019
model	human	1705	0.88328446	0.93816248
