Dependent	Source	DF	SS	MS	FValue	ProbF
fac6	Model	1	21.501564	21.501564	109.90	<.0001
fac6	Error	5113	1000.349853	0.195648	_	_
fac6	Corrected Total	5114	1021.851417	_	_	_
