Dependent	Source	DF	SS	MS	FValue	ProbF
fac4	Model	2	1.759922	0.879961	2.58	0.0758
fac4	Error	5112	1742.620528	0.340888	_	_
fac4	Corrected Total	5114	1744.380450	_	_	_
