Dependent	RSquare	CV	RootMSE	DepMean
fac6	0.021049	526.2064	0.442363	0.084066
