Dependent	RSquare	CV	RootMSE	DepMean
fac2	0.343428	370.2335	0.683285	0.184555
