Dependent	RSquare	CV	RootMSE	DepMean
fac5	0.030749	-630.8636	0.395909	-0.062757
