Dependent	RSquare	CV	RootMSE	DepMean
fac3	0.101733	3522.504	0.606022	0.017204
