Dependent	RSquare	CV	RootMSE	DepMean
fac1	0.045107	-109.0513	0.991802	-0.909482
