Dependent	RSquare	CV	RootMSE	DepMean
fac1	0.045220	-109.0555	0.991840	-0.909482
