Dependent	RSquare	CV	RootMSE	DepMean
fac4	0.001009	289.1021	0.583856	0.201955
